{
  "hash": "b5efb7c7",
  "configHash": "c61bc6ca",
  "lockfileHash": "3c09ca0c",
  "browserHash": "3f21f3ba",
  "optimized": {
    "@angular/cdk/bidi": {
      "src": "../../../../../../node_modules/@angular/cdk/fesm2022/bidi.mjs",
      "file": "@angular_cdk_bidi.js",
      "fileHash": "3b021b51",
      "needsInterop": false
    },
    "@angular/cdk/scrolling": {
      "src": "../../../../../../node_modules/@angular/cdk/fesm2022/scrolling.mjs",
      "file": "@angular_cdk_scrolling.js",
      "fileHash": "123bec8e",
      "needsInterop": false
    },
    "@angular/cdk/text-field": {
      "src": "../../../../../../node_modules/@angular/cdk/fesm2022/text-field.mjs",
      "file": "@angular_cdk_text-field.js",
      "fileHash": "1e6889c6",
      "needsInterop": false
    },
    "@angular/common": {
      "src": "../../../../../../node_modules/@angular/common/fesm2022/common.mjs",
      "file": "@angular_common.js",
      "fileHash": "1bfe3ce2",
      "needsInterop": false
    },
    "@angular/common/http": {
      "src": "../../../../../../node_modules/@angular/common/fesm2022/http.mjs",
      "file": "@angular_common_http.js",
      "fileHash": "55bd9d94",
      "needsInterop": false
    },
    "@angular/core": {
      "src": "../../../../../../node_modules/@angular/core/fesm2022/core.mjs",
      "file": "@angular_core.js",
      "fileHash": "7ad0ebd4",
      "needsInterop": false
    },
    "@angular/material/button": {
      "src": "../../../../../../node_modules/@angular/material/fesm2022/button.mjs",
      "file": "@angular_material_button.js",
      "fileHash": "12da1904",
      "needsInterop": false
    },
    "@angular/material/card": {
      "src": "../../../../../../node_modules/@angular/material/fesm2022/card.mjs",
      "file": "@angular_material_card.js",
      "fileHash": "428d1b3e",
      "needsInterop": false
    },
    "@angular/material/checkbox": {
      "src": "../../../../../../node_modules/@angular/material/fesm2022/checkbox.mjs",
      "file": "@angular_material_checkbox.js",
      "fileHash": "1c4f44b3",
      "needsInterop": false
    },
    "@angular/material/dialog": {
      "src": "../../../../../../node_modules/@angular/material/fesm2022/dialog.mjs",
      "file": "@angular_material_dialog.js",
      "fileHash": "124d1910",
      "needsInterop": false
    },
    "@angular/material/form-field": {
      "src": "../../../../../../node_modules/@angular/material/fesm2022/form-field.mjs",
      "file": "@angular_material_form-field.js",
      "fileHash": "c903b54d",
      "needsInterop": false
    },
    "@angular/material/icon": {
      "src": "../../../../../../node_modules/@angular/material/fesm2022/icon.mjs",
      "file": "@angular_material_icon.js",
      "fileHash": "ce298ad6",
      "needsInterop": false
    },
    "@angular/material/input": {
      "src": "../../../../../../node_modules/@angular/material/fesm2022/input.mjs",
      "file": "@angular_material_input.js",
      "fileHash": "8ef02bac",
      "needsInterop": false
    },
    "@angular/material/menu": {
      "src": "../../../../../../node_modules/@angular/material/fesm2022/menu.mjs",
      "file": "@angular_material_menu.js",
      "fileHash": "9cb9db0b",
      "needsInterop": false
    },
    "@angular/material/progress-spinner": {
      "src": "../../../../../../node_modules/@angular/material/fesm2022/progress-spinner.mjs",
      "file": "@angular_material_progress-spinner.js",
      "fileHash": "156a2aac",
      "needsInterop": false
    },
    "@angular/material/radio": {
      "src": "../../../../../../node_modules/@angular/material/fesm2022/radio.mjs",
      "file": "@angular_material_radio.js",
      "fileHash": "c19f4f06",
      "needsInterop": false
    },
    "@angular/material/select": {
      "src": "../../../../../../node_modules/@angular/material/fesm2022/select.mjs",
      "file": "@angular_material_select.js",
      "fileHash": "84cd8f58",
      "needsInterop": false
    },
    "@angular/material/slide-toggle": {
      "src": "../../../../../../node_modules/@angular/material/fesm2022/slide-toggle.mjs",
      "file": "@angular_material_slide-toggle.js",
      "fileHash": "fa29906e",
      "needsInterop": false
    },
    "@angular/material/snack-bar": {
      "src": "../../../../../../node_modules/@angular/material/fesm2022/snack-bar.mjs",
      "file": "@angular_material_snack-bar.js",
      "fileHash": "15936696",
      "needsInterop": false
    },
    "@angular/material/toolbar": {
      "src": "../../../../../../node_modules/@angular/material/fesm2022/toolbar.mjs",
      "file": "@angular_material_toolbar.js",
      "fileHash": "8213dd03",
      "needsInterop": false
    },
    "@angular/material/tooltip": {
      "src": "../../../../../../node_modules/@angular/material/fesm2022/tooltip.mjs",
      "file": "@angular_material_tooltip.js",
      "fileHash": "e1d6a761",
      "needsInterop": false
    },
    "@angular/platform-browser": {
      "src": "../../../../../../node_modules/@angular/platform-browser/fesm2022/platform-browser.mjs",
      "file": "@angular_platform-browser.js",
      "fileHash": "428440d0",
      "needsInterop": false
    },
    "@angular/platform-browser/animations": {
      "src": "../../../../../../node_modules/@angular/platform-browser/fesm2022/animations.mjs",
      "file": "@angular_platform-browser_animations.js",
      "fileHash": "dc6e232d",
      "needsInterop": false
    },
    "@ngx-translate/core": {
      "src": "../../../../../../node_modules/@ngx-translate/core/fesm2022/ngx-translate-core.mjs",
      "file": "@ngx-translate_core.js",
      "fileHash": "4853b3b1",
      "needsInterop": false
    },
    "@ngx-translate/http-loader": {
      "src": "../../../../../../node_modules/@ngx-translate/http-loader/fesm2022/ngx-translate-http-loader.mjs",
      "file": "@ngx-translate_http-loader.js",
      "fileHash": "746cd090",
      "needsInterop": false
    }
  },
  "chunks": {
    "chunk-OD3WL7O6": {
      "file": "chunk-OD3WL7O6.js"
    },
    "chunk-54LSMRRC": {
      "file": "chunk-54LSMRRC.js"
    },
    "chunk-LMBAEEGN": {
      "file": "chunk-LMBAEEGN.js"
    },
    "chunk-5PGKRQXG": {
      "file": "chunk-5PGKRQXG.js"
    },
    "chunk-WEPFG3TJ": {
      "file": "chunk-WEPFG3TJ.js"
    },
    "chunk-FO3MK3AV": {
      "file": "chunk-FO3MK3AV.js"
    },
    "chunk-CWCITI6Y": {
      "file": "chunk-CWCITI6Y.js"
    },
    "chunk-WYT656JJ": {
      "file": "chunk-WYT656JJ.js"
    },
    "chunk-BHPG54W2": {
      "file": "chunk-BHPG54W2.js"
    },
    "chunk-ONZFZZQ5": {
      "file": "chunk-ONZFZZQ5.js"
    },
    "chunk-HSH7SDIC": {
      "file": "chunk-HSH7SDIC.js"
    },
    "chunk-EMY32DNF": {
      "file": "chunk-EMY32DNF.js"
    },
    "chunk-JXQMVMS4": {
      "file": "chunk-JXQMVMS4.js"
    },
    "chunk-OIBNGD5S": {
      "file": "chunk-OIBNGD5S.js"
    },
    "chunk-SZS4RJEH": {
      "file": "chunk-SZS4RJEH.js"
    },
    "chunk-OQ2HX6RG": {
      "file": "chunk-OQ2HX6RG.js"
    },
    "chunk-UDU42JBG": {
      "file": "chunk-UDU42JBG.js"
    },
    "chunk-AAHX4UEZ": {
      "file": "chunk-AAHX4UEZ.js"
    },
    "chunk-PW4PYGZK": {
      "file": "chunk-PW4PYGZK.js"
    },
    "chunk-DZBF2YG3": {
      "file": "chunk-DZBF2YG3.js"
    },
    "chunk-F5YF3NDX": {
      "file": "chunk-F5YF3NDX.js"
    },
    "chunk-CIGKH54X": {
      "file": "chunk-CIGKH54X.js"
    },
    "chunk-XTNRC5WD": {
      "file": "chunk-XTNRC5WD.js"
    },
    "chunk-M3HR6BUY": {
      "file": "chunk-M3HR6BUY.js"
    },
    "chunk-PRXVMZFO": {
      "file": "chunk-PRXVMZFO.js"
    },
    "chunk-4AQS3WAF": {
      "file": "chunk-4AQS3WAF.js"
    },
    "chunk-7HNR42PV": {
      "file": "chunk-7HNR42PV.js"
    },
    "chunk-TIPAMVQG": {
      "file": "chunk-TIPAMVQG.js"
    },
    "chunk-JOTRULFY": {
      "file": "chunk-JOTRULFY.js"
    },
    "chunk-D32Q2XMJ": {
      "file": "chunk-D32Q2XMJ.js"
    }
  }
}